[
{"type":"header","version":"4.9.4","comment":"Export to JSON plugin for PHPMyAdmin"},
{"type":"database","name":"pretgusn_academic"},
{"type":"table","name":"course_prerequisites","database":"pretgusn_academic","data":
[
{"id":"6","course_id":"39","dependent_course_id":"70","created_at":"2021-03-03 07:46:27","updated_at":"2021-03-03 07:46:27"},
{"id":"5","course_id":"67","dependent_course_id":"19","created_at":"2021-03-03 07:41:02","updated_at":"2021-03-03 07:41:02"},
{"id":"8","course_id":"70","dependent_course_id":"28","created_at":"2021-03-03 07:48:51","updated_at":"2021-03-03 07:48:51"},
{"id":"9","course_id":"69","dependent_course_id":"20","created_at":"2021-03-03 07:49:34","updated_at":"2021-03-03 07:49:34"},
{"id":"10","course_id":"26","dependent_course_id":"69","created_at":"2021-03-03 07:50:27","updated_at":"2021-03-03 07:50:27"},
{"id":"11","course_id":"62","dependent_course_id":"48","created_at":"2021-03-03 07:53:18","updated_at":"2021-03-03 07:53:18"},
{"id":"12","course_id":"71","dependent_course_id":"21","created_at":"2021-03-03 08:16:43","updated_at":"2021-03-03 08:16:43"},
{"id":"13","course_id":"73","dependent_course_id":"71","created_at":"2021-03-03 19:34:50","updated_at":"2021-03-03 19:34:50"},
{"id":"14","course_id":"23","dependent_course_id":"27","created_at":"2021-03-03 19:42:01","updated_at":"2021-03-03 19:42:01"},
{"id":"15","course_id":"75","dependent_course_id":"23","created_at":"2021-03-03 19:43:42","updated_at":"2021-03-03 19:43:42"},
{"id":"16","course_id":"17","dependent_course_id":"20","created_at":"2021-03-03 19:44:51","updated_at":"2021-03-03 19:44:51"},
{"id":"17","course_id":"51","dependent_course_id":"26","created_at":"2021-03-04 06:04:58","updated_at":"2021-03-04 06:04:58"},
{"id":"18","course_id":"79","dependent_course_id":"33","created_at":"2021-03-04 06:09:57","updated_at":"2021-03-04 06:09:57"},
{"id":"19","course_id":"53","dependent_course_id":"26","created_at":"2021-03-04 06:15:03","updated_at":"2021-03-04 06:15:03"},
{"id":"20","course_id":"22","dependent_course_id":"79","created_at":"2021-03-04 06:19:18","updated_at":"2021-03-04 06:19:18"},
{"id":"21","course_id":"48","dependent_course_id":"51","created_at":"2021-03-04 06:20:51","updated_at":"2021-03-04 06:20:51"},
{"id":"22","course_id":"48","dependent_course_id":"53","created_at":"2021-03-04 06:21:19","updated_at":"2021-03-04 06:21:19"},
{"id":"23","course_id":"48","dependent_course_id":"79","created_at":"2021-03-04 06:22:00","updated_at":"2021-03-04 06:22:00"},
{"id":"24","course_id":"48","dependent_course_id":"76","created_at":"2021-03-04 06:23:14","updated_at":"2021-03-04 06:23:14"},
{"id":"25","course_id":"18","dependent_course_id":"26","created_at":"2021-03-04 06:24:30","updated_at":"2021-03-04 06:24:30"},
{"id":"26","course_id":"83","dependent_course_id":"33","created_at":"2021-03-04 06:34:46","updated_at":"2021-03-04 06:34:46"},
{"id":"27","course_id":"25","dependent_course_id":"27","created_at":"2021-03-04 06:37:48","updated_at":"2021-03-04 06:37:48"},
{"id":"28","course_id":"33","dependent_course_id":"26","created_at":"2021-03-04 06:39:21","updated_at":"2021-03-04 06:39:21"},
{"id":"29","course_id":"33","dependent_course_id":"75","created_at":"2021-03-04 06:41:51","updated_at":"2021-03-04 06:41:51"}
]
}
]
