[
{"type":"header","version":"4.9.4","comment":"Export to JSON plugin for PHPMyAdmin"},
{"type":"database","name":"pretgusn_academic"},
{"type":"table","name":"student_courses","database":"pretgusn_academic","data":
[
{"id":"234","student_id":"39","course_id":"80","course_name":"University Electives Requirement (2)","type":"Previous","created_at":"2021-03-04 07:54:54","updated_at":"2021-03-04 07:54:54"},
{"id":"235","student_id":"40","course_id":"47","course_name":"Graduation Project (1) IS","type":"Previous","created_at":"2021-03-04 08:11:14","updated_at":"2021-03-04 08:11:14"},
{"id":"236","student_id":"41","course_id":"33","course_name":"Operating Systems","type":"Previous","created_at":"2021-03-06 23:11:36","updated_at":"2021-03-06 23:11:36"},
{"id":"237","student_id":"42","course_id":"19","course_name":"Physics (1)","type":"Previous","created_at":"2021-03-06 23:13:51","updated_at":"2021-03-06 23:13:51"},
{"id":"238","student_id":"43","course_id":"19","course_name":"Physics (1)","type":"Previous","created_at":"2021-03-06 23:23:54","updated_at":"2021-03-06 23:23:54"},
{"id":"239","student_id":"43","course_id":"20","course_name":"Programming (1)","type":"Previous","created_at":"2021-03-06 23:23:54","updated_at":"2021-03-06 23:23:54"},
{"id":"240","student_id":"43","course_id":"21","course_name":"English Composition","type":"Previous","created_at":"2021-03-06 23:23:54","updated_at":"2021-03-06 23:23:54"},
{"id":"241","student_id":"43","course_id":"27","course_name":"Discrete Structure","type":"Previous","created_at":"2021-03-06 23:23:54","updated_at":"2021-03-06 23:23:54"},
{"id":"242","student_id":"43","course_id":"28","course_name":"Calculus (1)","type":"Previous","created_at":"2021-03-06 23:23:54","updated_at":"2021-03-06 23:23:54"},
{"id":"243","student_id":"44","course_id":"19","course_name":"Physics (1)","type":"Previous","created_at":"2021-03-06 23:40:05","updated_at":"2021-03-06 23:40:05"},
{"id":"244","student_id":"44","course_id":"20","course_name":"Programming (1)","type":"Previous","created_at":"2021-03-06 23:40:05","updated_at":"2021-03-06 23:40:05"},
{"id":"245","student_id":"44","course_id":"21","course_name":"English Composition","type":"Previous","created_at":"2021-03-06 23:40:05","updated_at":"2021-03-06 23:40:05"},
{"id":"246","student_id":"44","course_id":"27","course_name":"Discrete Structure","type":"Previous","created_at":"2021-03-06 23:40:05","updated_at":"2021-03-06 23:40:05"},
{"id":"247","student_id":"44","course_id":"28","course_name":"Calculus (1)","type":"Previous","created_at":"2021-03-06 23:40:05","updated_at":"2021-03-06 23:40:05"},
{"id":"248","student_id":"44","course_id":"67","course_name":"physics (2)","type":"Previous","created_at":"2021-03-06 23:40:05","updated_at":"2021-03-06 23:40:05"},
{"id":"249","student_id":"45","course_id":"19","course_name":"Physics (1)","type":"Previous","created_at":"2021-03-07 00:25:40","updated_at":"2021-03-07 00:25:40"},
{"id":"250","student_id":"45","course_id":"20","course_name":"Programming (1)","type":"Previous","created_at":"2021-03-07 00:25:40","updated_at":"2021-03-07 00:25:40"},
{"id":"251","student_id":"45","course_id":"21","course_name":"English Composition","type":"Previous","created_at":"2021-03-07 00:25:40","updated_at":"2021-03-07 00:25:40"},
{"id":"252","student_id":"45","course_id":"27","course_name":"Discrete Structure","type":"Previous","created_at":"2021-03-07 00:25:40","updated_at":"2021-03-07 00:25:40"},
{"id":"253","student_id":"45","course_id":"28","course_name":"Calculus (1)","type":"Previous","created_at":"2021-03-07 00:25:40","updated_at":"2021-03-07 00:25:40"},
{"id":"254","student_id":"45","course_id":"67","course_name":"physics (2)","type":"Previous","created_at":"2021-03-07 00:25:40","updated_at":"2021-03-07 00:25:40"},
{"id":"255","student_id":"45","course_id":"71","course_name":"communication skills","type":"Previous","created_at":"2021-03-07 00:25:40","updated_at":"2021-03-07 00:25:40"},
{"id":"256","student_id":"45","course_id":"72","course_name":"Arabic language skills","type":"Previous","created_at":"2021-03-07 00:25:40","updated_at":"2021-03-07 00:25:40"},
{"id":"257","student_id":"46","course_id":"12","course_name":"Islamic Studies : values&Ethics","type":"Previous","created_at":"2021-03-07 00:40:21","updated_at":"2021-03-07 00:40:21"},
{"id":"258","student_id":"46","course_id":"14","course_name":"Islamic Studies: Glances of The Prophet’s Biography","type":"Previous","created_at":"2021-03-07 00:40:21","updated_at":"2021-03-07 00:40:21"},
{"id":"259","student_id":"46","course_id":"17","course_name":"Intro to Software Engineering","type":"Previous","created_at":"2021-03-07 00:40:21","updated_at":"2021-03-07 00:40:21"},
{"id":"260","student_id":"46","course_id":"19","course_name":"Physics (1)","type":"Previous","created_at":"2021-03-07 00:40:21","updated_at":"2021-03-07 00:40:21"},
{"id":"261","student_id":"46","course_id":"20","course_name":"Programming (1)","type":"Previous","created_at":"2021-03-07 00:40:21","updated_at":"2021-03-07 00:40:21"},
{"id":"262","student_id":"46","course_id":"21","course_name":"English Composition","type":"Previous","created_at":"2021-03-07 00:40:21","updated_at":"2021-03-07 00:40:21"},
{"id":"263","student_id":"46","course_id":"23","course_name":"Digital Logic Design","type":"Previous","created_at":"2021-03-07 00:40:21","updated_at":"2021-03-07 00:40:21"},
{"id":"264","student_id":"46","course_id":"26","course_name":"Algorithms and Data Structures","type":"Previous","created_at":"2021-03-07 00:40:21","updated_at":"2021-03-07 00:40:21"},
{"id":"265","student_id":"46","course_id":"27","course_name":"Discrete Structure","type":"Previous","created_at":"2021-03-07 00:40:21","updated_at":"2021-03-07 00:40:21"},
{"id":"266","student_id":"46","course_id":"28","course_name":"Calculus (1)","type":"Previous","created_at":"2021-03-07 00:40:21","updated_at":"2021-03-07 00:40:21"},
{"id":"267","student_id":"46","course_id":"30","course_name":"Linear Algebra (1)","type":"Previous","created_at":"2021-03-07 00:40:21","updated_at":"2021-03-07 00:40:21"},
{"id":"268","student_id":"46","course_id":"39","course_name":"Differential Equations (1)","type":"Previous","created_at":"2021-03-07 00:40:21","updated_at":"2021-03-07 00:40:21"},
{"id":"269","student_id":"46","course_id":"59","course_name":"University Electives Requirement (1)","type":"Previous","created_at":"2021-03-07 00:40:21","updated_at":"2021-03-07 00:40:21"},
{"id":"270","student_id":"46","course_id":"60","course_name":"Free Elective (1)","type":"Previous","created_at":"2021-03-07 00:40:21","updated_at":"2021-03-07 00:40:21"},
{"id":"271","student_id":"46","course_id":"67","course_name":"physics (2)","type":"Previous","created_at":"2021-03-07 00:40:21","updated_at":"2021-03-07 00:40:21"},
{"id":"272","student_id":"46","course_id":"69","course_name":"programming (2)","type":"Previous","created_at":"2021-03-07 00:40:21","updated_at":"2021-03-07 00:40:21"},
{"id":"273","student_id":"46","course_id":"70","course_name":"Calculus (2)","type":"Previous","created_at":"2021-03-07 00:40:21","updated_at":"2021-03-07 00:40:21"},
{"id":"274","student_id":"46","course_id":"71","course_name":"communication skills","type":"Previous","created_at":"2021-03-07 00:40:21","updated_at":"2021-03-07 00:40:21"},
{"id":"275","student_id":"46","course_id":"72","course_name":"Arabic language skills","type":"Previous","created_at":"2021-03-07 00:40:21","updated_at":"2021-03-07 00:40:21"},
{"id":"276","student_id":"46","course_id":"73","course_name":"Technical writing","type":"Previous","created_at":"2021-03-07 00:40:21","updated_at":"2021-03-07 00:40:21"},
{"id":"277","student_id":"46","course_id":"74","course_name":"Natural Science","type":"Previous","created_at":"2021-03-07 00:40:21","updated_at":"2021-03-07 00:40:21"},
{"id":"278","student_id":"46","course_id":"75","course_name":"Organizing and building the computer","type":"Previous","created_at":"2021-03-07 00:40:21","updated_at":"2021-03-07 00:40:21"},
{"id":"279","student_id":"46","course_id":"76","course_name":"Software analysis and modeling","type":"Previous","created_at":"2021-03-07 00:40:21","updated_at":"2021-03-07 00:40:21"},
{"id":"280","student_id":"47","course_id":"14","course_name":"Islamic Studies: Glances of The Prophet’s Biography","type":"Previous","created_at":"2021-03-07 00:55:57","updated_at":"2021-03-07 00:55:57"},
{"id":"281","student_id":"47","course_id":"15","course_name":"Probability & Statistics For Engineers 301","type":"Previous","created_at":"2021-03-07 00:55:57","updated_at":"2021-03-07 00:55:57"},
{"id":"282","student_id":"47","course_id":"17","course_name":"Intro to Software Engineering","type":"Previous","created_at":"2021-03-07 00:55:57","updated_at":"2021-03-07 00:55:57"},
{"id":"283","student_id":"47","course_id":"19","course_name":"Physics (1)","type":"Previous","created_at":"2021-03-07 00:55:57","updated_at":"2021-03-07 00:55:57"},
{"id":"284","student_id":"47","course_id":"20","course_name":"Programming (1)","type":"Previous","created_at":"2021-03-07 00:55:57","updated_at":"2021-03-07 00:55:57"},
{"id":"285","student_id":"47","course_id":"21","course_name":"English Composition","type":"Previous","created_at":"2021-03-07 00:55:57","updated_at":"2021-03-07 00:55:57"},
{"id":"286","student_id":"47","course_id":"23","course_name":"Digital Logic Design","type":"Previous","created_at":"2021-03-07 00:55:57","updated_at":"2021-03-07 00:55:57"},
{"id":"287","student_id":"47","course_id":"25","course_name":"Theory of Computation","type":"Previous","created_at":"2021-03-07 00:55:57","updated_at":"2021-03-07 00:55:57"},
{"id":"288","student_id":"47","course_id":"26","course_name":"Algorithms and Data Structures","type":"Previous","created_at":"2021-03-07 00:55:57","updated_at":"2021-03-07 00:55:57"},
{"id":"289","student_id":"47","course_id":"27","course_name":"Discrete Structure","type":"Previous","created_at":"2021-03-07 00:55:57","updated_at":"2021-03-07 00:55:57"},
{"id":"290","student_id":"47","course_id":"28","course_name":"Calculus (1)","type":"Previous","created_at":"2021-03-07 00:55:57","updated_at":"2021-03-07 00:55:57"},
{"id":"291","student_id":"47","course_id":"30","course_name":"Linear Algebra (1)","type":"Previous","created_at":"2021-03-07 00:55:57","updated_at":"2021-03-07 00:55:57"},
{"id":"292","student_id":"47","course_id":"33","course_name":"Operating Systems","type":"Previous","created_at":"2021-03-07 00:55:57","updated_at":"2021-03-07 00:55:57"},
{"id":"293","student_id":"47","course_id":"39","course_name":"Differential Equations (1)","type":"Previous","created_at":"2021-03-07 00:55:57","updated_at":"2021-03-07 00:55:57"},
{"id":"294","student_id":"47","course_id":"59","course_name":"University Electives Requirement (1)","type":"Previous","created_at":"2021-03-07 00:55:57","updated_at":"2021-03-07 00:55:57"},
{"id":"295","student_id":"47","course_id":"60","course_name":"Free Elective (1)","type":"Previous","created_at":"2021-03-07 00:55:57","updated_at":"2021-03-07 00:55:57"},
{"id":"296","student_id":"47","course_id":"67","course_name":"physics (2)","type":"Previous","created_at":"2021-03-07 00:55:57","updated_at":"2021-03-07 00:55:57"},
{"id":"297","student_id":"47","course_id":"69","course_name":"programming (2)","type":"Previous","created_at":"2021-03-07 00:55:57","updated_at":"2021-03-07 00:55:57"},
{"id":"298","student_id":"47","course_id":"70","course_name":"Calculus (2)","type":"Previous","created_at":"2021-03-07 00:55:57","updated_at":"2021-03-07 00:55:57"},
{"id":"299","student_id":"47","course_id":"71","course_name":"communication skills","type":"Previous","created_at":"2021-03-07 00:55:57","updated_at":"2021-03-07 00:55:57"},
{"id":"300","student_id":"47","course_id":"72","course_name":"Arabic language skills","type":"Previous","created_at":"2021-03-07 00:55:57","updated_at":"2021-03-07 00:55:57"},
{"id":"301","student_id":"47","course_id":"73","course_name":"Technical writing","type":"Previous","created_at":"2021-03-07 00:55:57","updated_at":"2021-03-07 00:55:57"},
{"id":"302","student_id":"47","course_id":"74","course_name":"Natural Science","type":"Previous","created_at":"2021-03-07 00:55:57","updated_at":"2021-03-07 00:55:57"},
{"id":"303","student_id":"47","course_id":"75","course_name":"Organizing and building the computer","type":"Previous","created_at":"2021-03-07 00:55:57","updated_at":"2021-03-07 00:55:57"},
{"id":"304","student_id":"47","course_id":"76","course_name":"Software analysis and modeling","type":"Previous","created_at":"2021-03-07 00:55:57","updated_at":"2021-03-07 00:55:57"},
{"id":"305","student_id":"48","course_id":"12","course_name":"Islamic Studies : values&Ethics","type":"Previous","created_at":"2021-03-07 01:17:43","updated_at":"2021-03-07 01:17:43"},
{"id":"306","student_id":"48","course_id":"14","course_name":"Islamic Studies: Glances of The Prophet’s Biography","type":"Previous","created_at":"2021-03-07 01:17:43","updated_at":"2021-03-07 01:17:43"},
{"id":"307","student_id":"48","course_id":"15","course_name":"Probability & Statistics For Engineers 301","type":"Previous","created_at":"2021-03-07 01:17:43","updated_at":"2021-03-07 01:17:43"},
{"id":"308","student_id":"48","course_id":"17","course_name":"Intro to Software Engineering","type":"Previous","created_at":"2021-03-07 01:17:43","updated_at":"2021-03-07 01:17:43"},
{"id":"309","student_id":"48","course_id":"18","course_name":"Computers Graphics","type":"Previous","created_at":"2021-03-07 01:17:43","updated_at":"2021-03-07 01:17:43"},
{"id":"310","student_id":"48","course_id":"19","course_name":"Physics (1)","type":"Previous","created_at":"2021-03-07 01:17:43","updated_at":"2021-03-07 01:17:43"},
{"id":"311","student_id":"48","course_id":"20","course_name":"Programming (1)","type":"Previous","created_at":"2021-03-07 01:17:43","updated_at":"2021-03-07 01:17:43"},
{"id":"312","student_id":"48","course_id":"21","course_name":"English Composition","type":"Previous","created_at":"2021-03-07 01:17:43","updated_at":"2021-03-07 01:17:43"},
{"id":"313","student_id":"48","course_id":"22","course_name":"Computer Security","type":"Previous","created_at":"2021-03-07 01:17:43","updated_at":"2021-03-07 01:17:43"},
{"id":"314","student_id":"48","course_id":"23","course_name":"Digital Logic Design","type":"Previous","created_at":"2021-03-07 01:17:43","updated_at":"2021-03-07 01:17:43"},
{"id":"315","student_id":"48","course_id":"25","course_name":"Theory of Computation","type":"Previous","created_at":"2021-03-07 01:17:43","updated_at":"2021-03-07 01:17:43"},
{"id":"316","student_id":"48","course_id":"26","course_name":"Algorithms and Data Structures","type":"Previous","created_at":"2021-03-07 01:17:43","updated_at":"2021-03-07 01:17:43"},
{"id":"317","student_id":"48","course_id":"27","course_name":"Discrete Structure","type":"Previous","created_at":"2021-03-07 01:17:43","updated_at":"2021-03-07 01:17:43"},
{"id":"318","student_id":"48","course_id":"28","course_name":"Calculus (1)","type":"Previous","created_at":"2021-03-07 01:17:43","updated_at":"2021-03-07 01:17:43"},
{"id":"319","student_id":"48","course_id":"30","course_name":"Linear Algebra (1)","type":"Previous","created_at":"2021-03-07 01:17:43","updated_at":"2021-03-07 01:17:43"},
{"id":"320","student_id":"48","course_id":"33","course_name":"Operating Systems","type":"Previous","created_at":"2021-03-07 01:17:43","updated_at":"2021-03-07 01:17:43"},
{"id":"321","student_id":"48","course_id":"39","course_name":"Differential Equations (1)","type":"Previous","created_at":"2021-03-07 01:17:43","updated_at":"2021-03-07 01:17:43"},
{"id":"322","student_id":"48","course_id":"48","course_name":"Graduation Project (1)","type":"Previous","created_at":"2021-03-07 01:17:43","updated_at":"2021-03-07 01:17:43"},
{"id":"323","student_id":"48","course_id":"51","course_name":"Database Systems","type":"Previous","created_at":"2021-03-07 01:17:43","updated_at":"2021-03-07 01:17:43"},
{"id":"324","student_id":"48","course_id":"53","course_name":"Smart systems","type":"Previous","created_at":"2021-03-07 01:17:43","updated_at":"2021-03-07 01:17:43"},
{"id":"325","student_id":"48","course_id":"56","course_name":"Specialization Elective (1)","type":"Previous","created_at":"2021-03-07 01:17:43","updated_at":"2021-03-07 01:17:43"},
{"id":"326","student_id":"48","course_id":"59","course_name":"University Electives Requirement (1)","type":"Previous","created_at":"2021-03-07 01:17:43","updated_at":"2021-03-07 01:17:43"},
{"id":"327","student_id":"48","course_id":"60","course_name":"Free Elective (1)","type":"Previous","created_at":"2021-03-07 01:17:43","updated_at":"2021-03-07 01:17:43"},
{"id":"328","student_id":"48","course_id":"61","course_name":"Computing and professional ethics and society","type":"Previous","created_at":"2021-03-07 01:17:43","updated_at":"2021-03-07 01:17:43"},
{"id":"329","student_id":"48","course_id":"67","course_name":"physics (2)","type":"Previous","created_at":"2021-03-07 01:17:43","updated_at":"2021-03-07 01:17:43"},
{"id":"330","student_id":"48","course_id":"69","course_name":"programming (2)","type":"Previous","created_at":"2021-03-07 01:17:43","updated_at":"2021-03-07 01:17:43"},
{"id":"331","student_id":"48","course_id":"70","course_name":"Calculus (2)","type":"Previous","created_at":"2021-03-07 01:17:43","updated_at":"2021-03-07 01:17:43"},
{"id":"332","student_id":"48","course_id":"71","course_name":"communication skills","type":"Previous","created_at":"2021-03-07 01:17:43","updated_at":"2021-03-07 01:17:43"},
{"id":"333","student_id":"48","course_id":"72","course_name":"Arabic language skills","type":"Previous","created_at":"2021-03-07 01:17:43","updated_at":"2021-03-07 01:17:43"},
{"id":"334","student_id":"48","course_id":"73","course_name":"Technical writing","type":"Previous","created_at":"2021-03-07 01:17:43","updated_at":"2021-03-07 01:17:43"},
{"id":"335","student_id":"48","course_id":"74","course_name":"Natural Science","type":"Previous","created_at":"2021-03-07 01:17:43","updated_at":"2021-03-07 01:17:43"},
{"id":"336","student_id":"48","course_id":"75","course_name":"Organizing and building the computer","type":"Previous","created_at":"2021-03-07 01:17:43","updated_at":"2021-03-07 01:17:43"},
{"id":"337","student_id":"48","course_id":"76","course_name":"Software analysis and modeling","type":"Previous","created_at":"2021-03-07 01:17:43","updated_at":"2021-03-07 01:17:43"},
{"id":"338","student_id":"48","course_id":"77","course_name":"Islamic Studies: Human Rights in Islam","type":"Previous","created_at":"2021-03-07 01:17:43","updated_at":"2021-03-07 01:17:43"},
{"id":"339","student_id":"48","course_id":"78","course_name":"Free Elective (2)","type":"Previous","created_at":"2021-03-07 01:17:43","updated_at":"2021-03-07 01:17:43"},
{"id":"340","student_id":"48","course_id":"79","course_name":"Computer Networks","type":"Previous","created_at":"2021-03-07 01:17:43","updated_at":"2021-03-07 01:17:43"},
{"id":"341","student_id":"49","course_id":"14","course_name":"Islamic Studies: Glances of The Prophet’s Biography","type":"Previous","created_at":"2021-03-07 01:26:52","updated_at":"2021-03-07 01:26:52"},
{"id":"342","student_id":"49","course_id":"15","course_name":"Probability & Statistics For Engineers 301","type":"Previous","created_at":"2021-03-07 01:26:52","updated_at":"2021-03-07 01:26:52"},
{"id":"343","student_id":"49","course_id":"19","course_name":"Physics (1)","type":"Previous","created_at":"2021-03-07 01:26:52","updated_at":"2021-03-07 01:26:52"},
{"id":"344","student_id":"49","course_id":"21","course_name":"English Composition","type":"Previous","created_at":"2021-03-07 01:26:52","updated_at":"2021-03-07 01:26:52"},
{"id":"345","student_id":"49","course_id":"28","course_name":"Calculus (1)","type":"Previous","created_at":"2021-03-07 01:26:52","updated_at":"2021-03-07 01:26:52"},
{"id":"346","student_id":"49","course_id":"61","course_name":"Computing and professional ethics and society","type":"Previous","created_at":"2021-03-07 01:26:52","updated_at":"2021-03-07 01:26:52"},
{"id":"347","student_id":"49","course_id":"67","course_name":"physics (2)","type":"Previous","created_at":"2021-03-07 01:26:52","updated_at":"2021-03-07 01:26:52"},
{"id":"348","student_id":"49","course_id":"70","course_name":"Calculus (2)","type":"Previous","created_at":"2021-03-07 01:26:52","updated_at":"2021-03-07 01:26:52"},
{"id":"349","student_id":"49","course_id":"71","course_name":"communication skills","type":"Previous","created_at":"2021-03-07 01:26:52","updated_at":"2021-03-07 01:26:52"},
{"id":"350","student_id":"49","course_id":"72","course_name":"Arabic language skills","type":"Previous","created_at":"2021-03-07 01:26:52","updated_at":"2021-03-07 01:26:52"},
{"id":"351","student_id":"49","course_id":"78","course_name":"Free Elective (2)","type":"Previous","created_at":"2021-03-07 01:26:52","updated_at":"2021-03-07 01:26:52"},
{"id":"352","student_id":"50","course_id":"19","course_name":"Physics (1)","type":"Previous","created_at":"2021-03-07 13:54:56","updated_at":"2021-03-07 13:54:56"},
{"id":"353","student_id":"50","course_id":"20","course_name":"Programming (1)","type":"Previous","created_at":"2021-03-07 13:54:56","updated_at":"2021-03-07 13:54:56"},
{"id":"354","student_id":"50","course_id":"21","course_name":"English Composition","type":"Previous","created_at":"2021-03-07 13:54:56","updated_at":"2021-03-07 13:54:56"},
{"id":"355","student_id":"50","course_id":"27","course_name":"Discrete Structure","type":"Previous","created_at":"2021-03-07 13:54:56","updated_at":"2021-03-07 13:54:56"},
{"id":"356","student_id":"50","course_id":"28","course_name":"Calculus (1)","type":"Previous","created_at":"2021-03-07 13:54:56","updated_at":"2021-03-07 13:54:56"},
{"id":"357","student_id":"50","course_id":"67","course_name":"physics (2)","type":"Previous","created_at":"2021-03-07 13:54:56","updated_at":"2021-03-07 13:54:56"},
{"id":"358","student_id":"50","course_id":"69","course_name":"programming (2)","type":"Previous","created_at":"2021-03-07 13:54:56","updated_at":"2021-03-07 13:54:56"},
{"id":"359","student_id":"50","course_id":"70","course_name":"Calculus (2)","type":"Previous","created_at":"2021-03-07 13:54:56","updated_at":"2021-03-07 13:54:56"},
{"id":"360","student_id":"50","course_id":"71","course_name":"communication skills","type":"Previous","created_at":"2021-03-07 13:54:56","updated_at":"2021-03-07 13:54:56"},
{"id":"361","student_id":"50","course_id":"72","course_name":"Arabic language skills","type":"Previous","created_at":"2021-03-07 13:54:56","updated_at":"2021-03-07 13:54:56"},
{"id":"362","student_id":"51","course_id":"14","course_name":"Islamic Studies: Glances of The Prophet’s Biography","type":"Previous","created_at":"2021-03-07 14:08:59","updated_at":"2021-03-07 14:08:59"},
{"id":"363","student_id":"51","course_id":"15","course_name":"Probability & Statistics For Engineers 301","type":"Previous","created_at":"2021-03-07 14:08:59","updated_at":"2021-03-07 14:08:59"},
{"id":"364","student_id":"51","course_id":"17","course_name":"Intro to Software Engineering","type":"Previous","created_at":"2021-03-07 14:08:59","updated_at":"2021-03-07 14:08:59"},
{"id":"365","student_id":"51","course_id":"19","course_name":"Physics (1)","type":"Previous","created_at":"2021-03-07 14:08:59","updated_at":"2021-03-07 14:08:59"},
{"id":"366","student_id":"51","course_id":"20","course_name":"Programming (1)","type":"Previous","created_at":"2021-03-07 14:08:59","updated_at":"2021-03-07 14:08:59"},
{"id":"367","student_id":"51","course_id":"21","course_name":"English Composition","type":"Previous","created_at":"2021-03-07 14:08:59","updated_at":"2021-03-07 14:08:59"},
{"id":"368","student_id":"51","course_id":"23","course_name":"Digital Logic Design","type":"Previous","created_at":"2021-03-07 14:08:59","updated_at":"2021-03-07 14:08:59"},
{"id":"369","student_id":"51","course_id":"26","course_name":"Algorithms and Data Structures","type":"Previous","created_at":"2021-03-07 14:08:59","updated_at":"2021-03-07 14:08:59"},
{"id":"370","student_id":"51","course_id":"27","course_name":"Discrete Structure","type":"Previous","created_at":"2021-03-07 14:08:59","updated_at":"2021-03-07 14:08:59"},
{"id":"371","student_id":"51","course_id":"28","course_name":"Calculus (1)","type":"Previous","created_at":"2021-03-07 14:08:59","updated_at":"2021-03-07 14:08:59"},
{"id":"372","student_id":"51","course_id":"30","course_name":"Linear Algebra (1)","type":"Previous","created_at":"2021-03-07 14:08:59","updated_at":"2021-03-07 14:08:59"},
{"id":"373","student_id":"51","course_id":"60","course_name":"Free Elective (1)","type":"Previous","created_at":"2021-03-07 14:08:59","updated_at":"2021-03-07 14:08:59"},
{"id":"374","student_id":"51","course_id":"67","course_name":"physics (2)","type":"Previous","created_at":"2021-03-07 14:08:59","updated_at":"2021-03-07 14:08:59"},
{"id":"375","student_id":"51","course_id":"69","course_name":"programming (2)","type":"Previous","created_at":"2021-03-07 14:08:59","updated_at":"2021-03-07 14:08:59"},
{"id":"376","student_id":"51","course_id":"70","course_name":"Calculus (2)","type":"Previous","created_at":"2021-03-07 14:08:59","updated_at":"2021-03-07 14:08:59"},
{"id":"377","student_id":"51","course_id":"71","course_name":"communication skills","type":"Previous","created_at":"2021-03-07 14:08:59","updated_at":"2021-03-07 14:08:59"},
{"id":"378","student_id":"51","course_id":"72","course_name":"Arabic language skills","type":"Previous","created_at":"2021-03-07 14:08:59","updated_at":"2021-03-07 14:08:59"},
{"id":"379","student_id":"51","course_id":"73","course_name":"Technical writing","type":"Previous","created_at":"2021-03-07 14:08:59","updated_at":"2021-03-07 14:08:59"},
{"id":"380","student_id":"51","course_id":"74","course_name":"Natural Science","type":"Previous","created_at":"2021-03-07 14:08:59","updated_at":"2021-03-07 14:08:59"},
{"id":"381","student_id":"51","course_id":"75","course_name":"Organizing and building the computer","type":"Previous","created_at":"2021-03-07 14:08:59","updated_at":"2021-03-07 14:08:59"},
{"id":"382","student_id":"51","course_id":"76","course_name":"Software analysis and modeling","type":"Previous","created_at":"2021-03-07 14:08:59","updated_at":"2021-03-07 14:08:59"},
{"id":"383","student_id":"51","course_id":"78","course_name":"Free Elective (2)","type":"Previous","created_at":"2021-03-07 14:08:59","updated_at":"2021-03-07 14:08:59"},
{"id":"384","student_id":"52","course_id":"19","course_name":"Physics (1)","type":"Previous","created_at":"2021-03-07 14:14:06","updated_at":"2021-03-07 14:14:06"},
{"id":"385","student_id":"52","course_id":"20","course_name":"Programming (1)","type":"Previous","created_at":"2021-03-07 14:14:06","updated_at":"2021-03-07 14:14:06"},
{"id":"386","student_id":"52","course_id":"21","course_name":"English Composition","type":"Previous","created_at":"2021-03-07 14:14:06","updated_at":"2021-03-07 14:14:06"},
{"id":"387","student_id":"52","course_id":"27","course_name":"Discrete Structure","type":"Previous","created_at":"2021-03-07 14:14:06","updated_at":"2021-03-07 14:14:06"},
{"id":"388","student_id":"52","course_id":"28","course_name":"Calculus (1)","type":"Previous","created_at":"2021-03-07 14:14:06","updated_at":"2021-03-07 14:14:06"},
{"id":"389","student_id":"52","course_id":"67","course_name":"physics (2)","type":"Previous","created_at":"2021-03-07 14:14:06","updated_at":"2021-03-07 14:14:06"},
{"id":"390","student_id":"52","course_id":"69","course_name":"programming (2)","type":"Previous","created_at":"2021-03-07 14:14:06","updated_at":"2021-03-07 14:14:06"},
{"id":"391","student_id":"52","course_id":"70","course_name":"Calculus (2)","type":"Previous","created_at":"2021-03-07 14:14:06","updated_at":"2021-03-07 14:14:06"},
{"id":"392","student_id":"52","course_id":"71","course_name":"communication skills","type":"Previous","created_at":"2021-03-07 14:14:06","updated_at":"2021-03-07 14:14:06"},
{"id":"393","student_id":"52","course_id":"72","course_name":"Arabic language skills","type":"Previous","created_at":"2021-03-07 14:14:06","updated_at":"2021-03-07 14:14:06"},
{"id":"394","student_id":"53","course_id":"12","course_name":"Islamic Studies : values&Ethics","type":"Previous","created_at":"2021-03-07 14:28:39","updated_at":"2021-03-07 14:28:39"},
{"id":"395","student_id":"53","course_id":"14","course_name":"Islamic Studies: Glances of The Prophet’s Biography","type":"Previous","created_at":"2021-03-07 14:28:39","updated_at":"2021-03-07 14:28:39"},
{"id":"396","student_id":"53","course_id":"15","course_name":"Probability & Statistics For Engineers 301","type":"Previous","created_at":"2021-03-07 14:28:39","updated_at":"2021-03-07 14:28:39"},
{"id":"397","student_id":"53","course_id":"17","course_name":"Intro to Software Engineering","type":"Previous","created_at":"2021-03-07 14:28:39","updated_at":"2021-03-07 14:28:39"},
{"id":"398","student_id":"53","course_id":"19","course_name":"Physics (1)","type":"Previous","created_at":"2021-03-07 14:28:39","updated_at":"2021-03-07 14:28:39"},
{"id":"399","student_id":"53","course_id":"20","course_name":"Programming (1)","type":"Previous","created_at":"2021-03-07 14:28:39","updated_at":"2021-03-07 14:28:39"},
{"id":"400","student_id":"53","course_id":"21","course_name":"English Composition","type":"Previous","created_at":"2021-03-07 14:28:39","updated_at":"2021-03-07 14:28:39"},
{"id":"401","student_id":"53","course_id":"23","course_name":"Digital Logic Design","type":"Previous","created_at":"2021-03-07 14:28:39","updated_at":"2021-03-07 14:28:39"},
{"id":"402","student_id":"53","course_id":"25","course_name":"Theory of Computation","type":"Previous","created_at":"2021-03-07 14:28:39","updated_at":"2021-03-07 14:28:39"},
{"id":"403","student_id":"53","course_id":"26","course_name":"Algorithms and Data Structures","type":"Previous","created_at":"2021-03-07 14:28:39","updated_at":"2021-03-07 14:28:39"},
{"id":"404","student_id":"53","course_id":"27","course_name":"Discrete Structure","type":"Previous","created_at":"2021-03-07 14:28:39","updated_at":"2021-03-07 14:28:39"},
{"id":"405","student_id":"53","course_id":"28","course_name":"Calculus (1)","type":"Previous","created_at":"2021-03-07 14:28:39","updated_at":"2021-03-07 14:28:39"},
{"id":"406","student_id":"53","course_id":"30","course_name":"Linear Algebra (1)","type":"Previous","created_at":"2021-03-07 14:28:39","updated_at":"2021-03-07 14:28:39"},
{"id":"407","student_id":"53","course_id":"33","course_name":"Operating Systems","type":"Previous","created_at":"2021-03-07 14:28:39","updated_at":"2021-03-07 14:28:39"},
{"id":"408","student_id":"53","course_id":"48","course_name":"Graduation Project (1)","type":"Previous","created_at":"2021-03-07 14:28:39","updated_at":"2021-03-07 14:28:39"},
{"id":"409","student_id":"53","course_id":"51","course_name":"Database Systems","type":"Previous","created_at":"2021-03-07 14:28:39","updated_at":"2021-03-07 14:28:39"},
{"id":"410","student_id":"53","course_id":"53","course_name":"Smart systems","type":"Previous","created_at":"2021-03-07 14:28:39","updated_at":"2021-03-07 14:28:39"},
{"id":"411","student_id":"53","course_id":"59","course_name":"University Electives Requirement (1)","type":"Previous","created_at":"2021-03-07 14:28:39","updated_at":"2021-03-07 14:28:39"},
{"id":"412","student_id":"53","course_id":"60","course_name":"Free Elective (1)","type":"Previous","created_at":"2021-03-07 14:28:39","updated_at":"2021-03-07 14:28:39"},
{"id":"413","student_id":"53","course_id":"67","course_name":"physics (2)","type":"Previous","created_at":"2021-03-07 14:28:39","updated_at":"2021-03-07 14:28:39"},
{"id":"414","student_id":"53","course_id":"69","course_name":"programming (2)","type":"Previous","created_at":"2021-03-07 14:28:39","updated_at":"2021-03-07 14:28:39"},
{"id":"415","student_id":"53","course_id":"71","course_name":"communication skills","type":"Previous","created_at":"2021-03-07 14:28:39","updated_at":"2021-03-07 14:28:39"},
{"id":"416","student_id":"53","course_id":"72","course_name":"Arabic language skills","type":"Previous","created_at":"2021-03-07 14:28:39","updated_at":"2021-03-07 14:28:39"},
{"id":"417","student_id":"53","course_id":"73","course_name":"Technical writing","type":"Previous","created_at":"2021-03-07 14:28:39","updated_at":"2021-03-07 14:28:39"},
{"id":"418","student_id":"53","course_id":"75","course_name":"Organizing and building the computer","type":"Previous","created_at":"2021-03-07 14:28:39","updated_at":"2021-03-07 14:28:39"},
{"id":"419","student_id":"53","course_id":"76","course_name":"Software analysis and modeling","type":"Previous","created_at":"2021-03-07 14:28:39","updated_at":"2021-03-07 14:28:39"},
{"id":"420","student_id":"53","course_id":"77","course_name":"Islamic Studies: Human Rights in Islam","type":"Previous","created_at":"2021-03-07 14:28:39","updated_at":"2021-03-07 14:28:39"},
{"id":"421","student_id":"53","course_id":"78","course_name":"Free Elective (2)","type":"Previous","created_at":"2021-03-07 14:28:39","updated_at":"2021-03-07 14:28:39"},
{"id":"422","student_id":"53","course_id":"79","course_name":"Computer Networks","type":"Previous","created_at":"2021-03-07 14:28:39","updated_at":"2021-03-07 14:28:39"},
{"id":"423","student_id":"54","course_id":"14","course_name":"Islamic Studies: Glances of The Prophet’s Biography","type":"Previous","created_at":"2021-03-07 14:44:31","updated_at":"2021-03-07 14:44:31"},
{"id":"424","student_id":"54","course_id":"15","course_name":"Probability & Statistics For Engineers 301","type":"Previous","created_at":"2021-03-07 14:44:31","updated_at":"2021-03-07 14:44:31"},
{"id":"425","student_id":"54","course_id":"17","course_name":"Intro to Software Engineering","type":"Previous","created_at":"2021-03-07 14:44:31","updated_at":"2021-03-07 14:44:31"},
{"id":"426","student_id":"54","course_id":"19","course_name":"Physics (1)","type":"Previous","created_at":"2021-03-07 14:44:31","updated_at":"2021-03-07 14:44:31"},
{"id":"427","student_id":"54","course_id":"20","course_name":"Programming (1)","type":"Previous","created_at":"2021-03-07 14:44:31","updated_at":"2021-03-07 14:44:31"},
{"id":"428","student_id":"54","course_id":"21","course_name":"English Composition","type":"Previous","created_at":"2021-03-07 14:44:31","updated_at":"2021-03-07 14:44:31"},
{"id":"429","student_id":"54","course_id":"23","course_name":"Digital Logic Design","type":"Previous","created_at":"2021-03-07 14:44:31","updated_at":"2021-03-07 14:44:31"},
{"id":"430","student_id":"54","course_id":"27","course_name":"Discrete Structure","type":"Previous","created_at":"2021-03-07 14:44:31","updated_at":"2021-03-07 14:44:31"},
{"id":"431","student_id":"54","course_id":"28","course_name":"Calculus (1)","type":"Previous","created_at":"2021-03-07 14:44:31","updated_at":"2021-03-07 14:44:31"},
{"id":"432","student_id":"54","course_id":"30","course_name":"Linear Algebra (1)","type":"Previous","created_at":"2021-03-07 14:44:31","updated_at":"2021-03-07 14:44:31"},
{"id":"433","student_id":"54","course_id":"67","course_name":"physics (2)","type":"Previous","created_at":"2021-03-07 14:44:31","updated_at":"2021-03-07 14:44:31"},
{"id":"434","student_id":"54","course_id":"70","course_name":"Calculus (2)","type":"Previous","created_at":"2021-03-07 14:44:31","updated_at":"2021-03-07 14:44:31"},
{"id":"435","student_id":"54","course_id":"71","course_name":"communication skills","type":"Previous","created_at":"2021-03-07 14:44:31","updated_at":"2021-03-07 14:44:31"},
{"id":"436","student_id":"54","course_id":"72","course_name":"Arabic language skills","type":"Previous","created_at":"2021-03-07 14:44:31","updated_at":"2021-03-07 14:44:31"},
{"id":"437","student_id":"54","course_id":"77","course_name":"Islamic Studies: Human Rights in Islam","type":"Previous","created_at":"2021-03-07 14:44:31","updated_at":"2021-03-07 14:44:31"},
{"id":"438","student_id":"54","course_id":"78","course_name":"Free Elective (2)","type":"Previous","created_at":"2021-03-07 14:44:31","updated_at":"2021-03-07 14:44:31"},
{"id":"439","student_id":"55","course_id":"12","course_name":"Islamic Studies : values&Ethics","type":"Previous","created_at":"2021-03-07 15:01:20","updated_at":"2021-03-07 15:01:20"},
{"id":"440","student_id":"55","course_id":"14","course_name":"Islamic Studies: Glances of The Prophet’s Biography","type":"Previous","created_at":"2021-03-07 15:01:20","updated_at":"2021-03-07 15:01:20"},
{"id":"441","student_id":"55","course_id":"15","course_name":"Probability & Statistics For Engineers 301","type":"Previous","created_at":"2021-03-07 15:01:20","updated_at":"2021-03-07 15:01:20"},
{"id":"442","student_id":"55","course_id":"17","course_name":"Intro to Software Engineering","type":"Previous","created_at":"2021-03-07 15:01:20","updated_at":"2021-03-07 15:01:20"},
{"id":"443","student_id":"55","course_id":"18","course_name":"Computers Graphics","type":"Previous","created_at":"2021-03-07 15:01:20","updated_at":"2021-03-07 15:01:20"},
{"id":"444","student_id":"55","course_id":"19","course_name":"Physics (1)","type":"Previous","created_at":"2021-03-07 15:01:20","updated_at":"2021-03-07 15:01:20"},
{"id":"445","student_id":"55","course_id":"20","course_name":"Programming (1)","type":"Previous","created_at":"2021-03-07 15:01:20","updated_at":"2021-03-07 15:01:20"},
{"id":"446","student_id":"55","course_id":"21","course_name":"English Composition","type":"Previous","created_at":"2021-03-07 15:01:20","updated_at":"2021-03-07 15:01:20"},
{"id":"447","student_id":"55","course_id":"22","course_name":"Computer Security","type":"Previous","created_at":"2021-03-07 15:01:20","updated_at":"2021-03-07 15:01:20"},
{"id":"448","student_id":"55","course_id":"23","course_name":"Digital Logic Design","type":"Previous","created_at":"2021-03-07 15:01:20","updated_at":"2021-03-07 15:01:20"},
{"id":"449","student_id":"55","course_id":"26","course_name":"Algorithms and Data Structures","type":"Previous","created_at":"2021-03-07 15:01:20","updated_at":"2021-03-07 15:01:20"},
{"id":"450","student_id":"55","course_id":"27","course_name":"Discrete Structure","type":"Previous","created_at":"2021-03-07 15:01:20","updated_at":"2021-03-07 15:01:20"},
{"id":"451","student_id":"55","course_id":"28","course_name":"Calculus (1)","type":"Previous","created_at":"2021-03-07 15:01:20","updated_at":"2021-03-07 15:01:20"},
{"id":"452","student_id":"55","course_id":"33","course_name":"Operating Systems","type":"Previous","created_at":"2021-03-07 15:01:20","updated_at":"2021-03-07 15:01:20"},
{"id":"453","student_id":"55","course_id":"39","course_name":"Differential Equations (1)","type":"Previous","created_at":"2021-03-07 15:01:20","updated_at":"2021-03-07 15:01:20"},
{"id":"454","student_id":"55","course_id":"48","course_name":"Graduation Project (1)","type":"Previous","created_at":"2021-03-07 15:01:20","updated_at":"2021-03-07 15:01:20"},
{"id":"455","student_id":"55","course_id":"51","course_name":"Database Systems","type":"Previous","created_at":"2021-03-07 15:01:20","updated_at":"2021-03-07 15:01:20"},
{"id":"456","student_id":"55","course_id":"53","course_name":"Smart systems","type":"Previous","created_at":"2021-03-07 15:01:20","updated_at":"2021-03-07 15:01:20"},
{"id":"457","student_id":"55","course_id":"56","course_name":"Specialization Elective (1)","type":"Previous","created_at":"2021-03-07 15:01:20","updated_at":"2021-03-07 15:01:20"},
{"id":"458","student_id":"55","course_id":"59","course_name":"University Electives Requirement (1)","type":"Previous","created_at":"2021-03-07 15:01:20","updated_at":"2021-03-07 15:01:20"},
{"id":"459","student_id":"55","course_id":"60","course_name":"Free Elective (1)","type":"Previous","created_at":"2021-03-07 15:01:20","updated_at":"2021-03-07 15:01:20"},
{"id":"460","student_id":"55","course_id":"61","course_name":"Computing and professional ethics and society","type":"Previous","created_at":"2021-03-07 15:01:20","updated_at":"2021-03-07 15:01:20"},
{"id":"461","student_id":"55","course_id":"67","course_name":"physics (2)","type":"Previous","created_at":"2021-03-07 15:01:20","updated_at":"2021-03-07 15:01:20"},
{"id":"462","student_id":"55","course_id":"69","course_name":"programming (2)","type":"Previous","created_at":"2021-03-07 15:01:21","updated_at":"2021-03-07 15:01:21"},
{"id":"463","student_id":"55","course_id":"70","course_name":"Calculus (2)","type":"Previous","created_at":"2021-03-07 15:01:21","updated_at":"2021-03-07 15:01:21"},
{"id":"464","student_id":"55","course_id":"71","course_name":"communication skills","type":"Previous","created_at":"2021-03-07 15:01:21","updated_at":"2021-03-07 15:01:21"},
{"id":"465","student_id":"55","course_id":"72","course_name":"Arabic language skills","type":"Previous","created_at":"2021-03-07 15:01:21","updated_at":"2021-03-07 15:01:21"},
{"id":"466","student_id":"55","course_id":"73","course_name":"Technical writing","type":"Previous","created_at":"2021-03-07 15:01:21","updated_at":"2021-03-07 15:01:21"},
{"id":"467","student_id":"55","course_id":"74","course_name":"Natural Science","type":"Previous","created_at":"2021-03-07 15:01:21","updated_at":"2021-03-07 15:01:21"},
{"id":"468","student_id":"55","course_id":"75","course_name":"Organizing and building the computer","type":"Previous","created_at":"2021-03-07 15:01:21","updated_at":"2021-03-07 15:01:21"},
{"id":"469","student_id":"55","course_id":"76","course_name":"Software analysis and modeling","type":"Previous","created_at":"2021-03-07 15:01:21","updated_at":"2021-03-07 15:01:21"},
{"id":"470","student_id":"55","course_id":"77","course_name":"Islamic Studies: Human Rights in Islam","type":"Previous","created_at":"2021-03-07 15:01:21","updated_at":"2021-03-07 15:01:21"},
{"id":"471","student_id":"55","course_id":"78","course_name":"Free Elective (2)","type":"Previous","created_at":"2021-03-07 15:01:21","updated_at":"2021-03-07 15:01:21"},
{"id":"472","student_id":"55","course_id":"80","course_name":"University Electives Requirement (2)","type":"Previous","created_at":"2021-03-07 15:01:21","updated_at":"2021-03-07 15:01:21"},
{"id":"473","student_id":"55","course_id":"81","course_name":"Specialization Elective (2)","type":"Previous","created_at":"2021-03-07 15:01:21","updated_at":"2021-03-07 15:01:21"}
]
}
]
