[
{"type":"header","version":"4.9.4","comment":"Export to JSON plugin for PHPMyAdmin"},
{"type":"database","name":"pretgusn_academic"},
{"type":"table","name":"students","database":"pretgusn_academic","data":
[
{"id":"51","student_name":"Bashayer","college_id":"Computer Science and Engineering","username":"Bashayer12","email":"bashair_1436@hotmail.com","password":"$2y$10$Wm1659a4SUnht65AR29OXO3Ztq6dcblBpYPYuKrGfumFeSzFArvHO","levels":"Seventh","type":"Advanced","gpa":"4:33","created_at":"2021-03-07 14:08:59","updated_at":"2021-03-07 14:08:59"},
{"id":"52","student_name":"Tahani","college_id":"Computer Science and Engineering","username":"Tahani369","email":"thanykhald83@gmail.com","password":"$2y$10$bV8QDenzlJVDwivhbAmlC.uRI83CzZPiLkpsvrBk2wjRsaz9KF7te","levels":"Fifth","type":"Regular","gpa":"4:6","created_at":"2021-03-07 14:14:06","updated_at":"2021-03-07 14:14:06"},
{"id":"53","student_name":"Ghadi","college_id":"Computer Science and Engineering","username":"Ghadi00","email":"ghadi19uni@hotmail.com","password":"$2y$10$mNFiwIC1cCe3vOEQ1hXKme5JbV8t361j12M.rXvQP02fB7TdFKcAW","levels":"Ninth","type":"Stumbled","gpa":"3.45","created_at":"2021-03-07 14:28:39","updated_at":"2021-03-07 14:28:39"},
{"id":"54","student_name":"Shorooq","college_id":"Computer Science and Engineering","username":"Shorooq23","email":"Shoro_4321@outlook.sa","password":"$2y$10$M0LHoZFgkDcgiK7NcKpKqeHKEO1yl.7IFvR3UQSOPD5YdATzPbRJ6","levels":"Sixth","type":"Stumbled","gpa":"3:56","created_at":"2021-03-07 14:44:31","updated_at":"2021-03-07 14:44:31"},
{"id":"55","student_name":"Dana","college_id":"Computer Science and Engineering","username":"Dana33","email":"dana12gy@gmail.com","password":"$2y$10$M3MgbxKtaUtmzSw043uwS.vckF7X\/Lwx.SYQyg1gARkAPoaejpsnO","levels":"Tenth","type":"Graduate","gpa":"3.78","created_at":"2021-03-07 15:01:20","updated_at":"2021-03-07 15:01:20"}
]
}
]
