[
  {
    "id": 362,
    "student_id": "51",
    "course_id": "14",
    "course_name": "Islamic Studies: Glances of The Prophet\u2019s Biography",
    "type": "Previous",
    "created_at": "2021-03-07 14:08:59",
    "updated_at": "2021-03-07 14:08:59",
    "course": {
      "id": 14,
      "name": "Islamic Studies: Glances of The Prophet\u2019s Biography",
      "code": "GS-102",
      "type": "easy",
      "credit_hours": "2",
      "created_at": "2020-03-17 18:30:54",
      "updated_at": "2020-03-17 18:30:54",
      "prerequisites": []
    }
  },
  {
    "id": 363,
    "student_id": "51",
    "course_id": "15",
    "course_name": "Probability & Statistics For Engineers 301",
    "type": "Previous",
    "created_at": "2021-03-07 14:08:59",
    "updated_at": "2021-03-07 14:08:59",
    "course": {
      "id": 15,
      "name": "Probability & Statistics For Engineers 301",
      "code": "STAT-301",
      "type": "easy",
      "credit_hours": "3",
      "created_at": "2020-03-17 18:32:39",
      "updated_at": "2020-03-20 12:02:51",
      "prerequisites": []
    }
  },
  {
    "id": 364,
    "student_id": "51",
    "course_id": "17",
    "course_name": "Intro to Software Engineering",
    "type": "Previous",
    "created_at": "2021-03-07 14:08:59",
    "updated_at": "2021-03-07 14:08:59",
    "course": {
      "id": 17,
      "name": "Intro to Software Engineering",
      "code": "CS-281",
      "type": "easy",
      "credit_hours": "3",
      "created_at": "2020-03-17 18:34:14",
      "updated_at": "2020-03-17 18:34:14",
      "prerequisites": [
        {
          "id": 16,
          "course_id": "17",
          "dependent_course_id": "20",
          "created_at": "2021-03-03 19:44:51",
          "updated_at": "2021-03-03 19:44:51"
        }
      ]
    }
  },
  {
    "id": 365,
    "student_id": "51",
    "course_id": "19",
    "course_name": "Physics (1)",
    "type": "Previous",
    "created_at": "2021-03-07 14:08:59",
    "updated_at": "2021-03-07 14:08:59",
    "course": {
      "id": 19,
      "name": "Physics (1)",
      "code": "PHYS-103",
      "type": "easy",
      "credit_hours": "4",
      "created_at": "2020-03-17 18:35:25",
      "updated_at": "2020-03-17 18:35:25",
      "prerequisites": []
    }
  },
  {
    "id": 366,
    "student_id": "51",
    "course_id": "20",
    "course_name": "Programming (1)",
    "type": "Previous",
    "created_at": "2021-03-07 14:08:59",
    "updated_at": "2021-03-07 14:08:59",
    "course": {
      "id": 20,
      "name": "Programming (1)",
      "code": "CS-111",
      "type": "easy",
      "credit_hours": "4",
      "created_at": "2020-03-17 18:36:01",
      "updated_at": "2020-03-17 18:36:01",
      "prerequisites": []
    }
  },
  {
    "id": 367,
    "student_id": "51",
    "course_id": "21",
    "course_name": "English Composition",
    "type": "Previous",
    "created_at": "2021-03-07 14:08:59",
    "updated_at": "2021-03-07 14:08:59",
    "course": {
      "id": 21,
      "name": "English Composition",
      "code": "ENGL-103",
      "type": "easy",
      "credit_hours": "3",
      "created_at": "2020-03-17 18:36:28",
      "updated_at": "2020-03-17 18:36:28",
      "prerequisites": []
    }
  },
  {
    "id": 368,
    "student_id": "51",
    "course_id": "23",
    "course_name": "Digital Logic Design",
    "type": "Previous",
    "created_at": "2021-03-07 14:08:59",
    "updated_at": "2021-03-07 14:08:59",
    "course": {
      "id": 23,
      "name": "Digital Logic Design",
      "code": "COE-211",
      "type": "easy",
      "credit_hours": "4",
      "created_at": "2020-03-17 18:38:18",
      "updated_at": "2020-03-17 18:38:18",
      "prerequisites": [
        {
          "id": 14,
          "course_id": "23",
          "dependent_course_id": "27",
          "created_at": "2021-03-03 19:42:01",
          "updated_at": "2021-03-03 19:42:01"
        }
      ]
    }
  },
  {
    "id": 369,
    "student_id": "51",
    "course_id": "26",
    "course_name": "Algorithms and Data Structures",
    "type": "Previous",
    "created_at": "2021-03-07 14:08:59",
    "updated_at": "2021-03-07 14:08:59",
    "course": {
      "id": 26,
      "name": "Algorithms and Data Structures",
      "code": "CS-211",
      "type": "easy",
      "credit_hours": "4",
      "created_at": "2020-03-17 18:40:50",
      "updated_at": "2020-03-17 18:40:50",
      "prerequisites": [
        {
          "id": 10,
          "course_id": "26",
          "dependent_course_id": "69",
          "created_at": "2021-03-03 07:50:27",
          "updated_at": "2021-03-03 07:50:27"
        }
      ]
    }
  },
  {
    "id": 370,
    "student_id": "51",
    "course_id": "27",
    "course_name": "Discrete Structure",
    "type": "Previous",
    "created_at": "2021-03-07 14:08:59",
    "updated_at": "2021-03-07 14:08:59",
    "course": {
      "id": 27,
      "name": "Discrete Structure",
      "code": "CS-103",
      "type": "easy",
      "credit_hours": "3",
      "created_at": "2020-03-17 18:41:25",
      "updated_at": "2020-03-17 18:41:25",
      "prerequisites": []
    }
  },
  {
    "id": 371,
    "student_id": "51",
    "course_id": "28",
    "course_name": "Calculus (1)",
    "type": "Previous",
    "created_at": "2021-03-07 14:08:59",
    "updated_at": "2021-03-07 14:08:59",
    "course": {
      "id": 28,
      "name": "Calculus (1)",
      "code": "MATH-203",
      "type": "easy",
      "credit_hours": "3",
      "created_at": "2020-03-17 18:45:08",
      "updated_at": "2020-03-17 18:45:08",
      "prerequisites": []
    }
  },
  {
    "id": 372,
    "student_id": "51",
    "course_id": "30",
    "course_name": "Linear Algebra (1)",
    "type": "Previous",
    "created_at": "2021-03-07 14:08:59",
    "updated_at": "2021-03-07 14:08:59",
    "course": {
      "id": 30,
      "name": "Linear Algebra (1)",
      "code": "MATH-243",
      "type": "easy",
      "credit_hours": "3",
      "created_at": "2020-03-17 18:47:49",
      "updated_at": "2020-03-17 18:47:49",
      "prerequisites": []
    }
  },
  {
    "id": 373,
    "student_id": "51",
    "course_id": "60",
    "course_name": "Free Elective (1)",
    "type": "Previous",
    "created_at": "2021-03-07 14:08:59",
    "updated_at": "2021-03-07 14:08:59",
    "course": {
      "id": 60,
      "name": "Free Elective (1)",
      "code": "FE-1",
      "type": "easy",
      "credit_hours": "2",
      "created_at": "2020-03-17 19:06:08",
      "updated_at": "2020-03-17 19:06:08",
      "prerequisites": []
    }
  },
  {
    "id": 374,
    "student_id": "51",
    "course_id": "67",
    "course_name": "physics (2)",
    "type": "Previous",
    "created_at": "2021-03-07 14:08:59",
    "updated_at": "2021-03-07 14:08:59",
    "course": {
      "id": 67,
      "name": "physics (2)",
      "code": "phys 103",
      "type": "Intermediate",
      "credit_hours": "4",
      "created_at": "2021-03-03 07:37:47",
      "updated_at": "2021-03-03 07:37:47",
      "prerequisites": [
        {
          "id": 5,
          "course_id": "67",
          "dependent_course_id": "19",
          "created_at": "2021-03-03 07:41:02",
          "updated_at": "2021-03-03 07:41:02"
        }
      ]
    }
  },
  {
    "id": 375,
    "student_id": "51",
    "course_id": "69",
    "course_name": "programming (2)",
    "type": "Previous",
    "created_at": "2021-03-07 14:08:59",
    "updated_at": "2021-03-07 14:08:59",
    "course": {
      "id": 69,
      "name": "programming (2)",
      "code": "CS112",
      "type": "Difficult",
      "credit_hours": "4",
      "created_at": "2021-03-03 07:39:49",
      "updated_at": "2021-03-03 07:39:49",
      "prerequisites": [
        {
          "id": 9,
          "course_id": "69",
          "dependent_course_id": "20",
          "created_at": "2021-03-03 07:49:34",
          "updated_at": "2021-03-03 07:49:34"
        }
      ]
    }
  },
  {
    "id": 376,
    "student_id": "51",
    "course_id": "70",
    "course_name": "Calculus (2)",
    "type": "Previous",
    "created_at": "2021-03-07 14:08:59",
    "updated_at": "2021-03-07 14:08:59",
    "course": {
      "id": 70,
      "name": "Calculus (2)",
      "code": "MATH 204",
      "type": "Intermediate",
      "credit_hours": "3",
      "created_at": "2021-03-03 07:46:03",
      "updated_at": "2021-03-03 07:46:03",
      "prerequisites": [
        {
          "id": 8,
          "course_id": "70",
          "dependent_course_id": "28",
          "created_at": "2021-03-03 07:48:51",
          "updated_at": "2021-03-03 07:48:51"
        }
      ]
    }
  },
  {
    "id": 377,
    "student_id": "51",
    "course_id": "71",
    "course_name": "communication skills",
    "type": "Previous",
    "created_at": "2021-03-07 14:08:59",
    "updated_at": "2021-03-07 14:08:59",
    "course": {
      "id": 71,
      "name": "communication skills",
      "code": "ENGL 104",
      "type": "Intermediate",
      "credit_hours": "3",
      "created_at": "2021-03-03 08:15:35",
      "updated_at": "2021-03-03 08:15:35",
      "prerequisites": [
        {
          "id": 12,
          "course_id": "71",
          "dependent_course_id": "21",
          "created_at": "2021-03-03 08:16:43",
          "updated_at": "2021-03-03 08:16:43"
        }
      ]
    }
  },
  {
    "id": 378,
    "student_id": "51",
    "course_id": "72",
    "course_name": "Arabic language skills",
    "type": "Previous",
    "created_at": "2021-03-07 14:08:59",
    "updated_at": "2021-03-07 14:08:59",
    "course": {
      "id": 72,
      "name": "Arabic language skills",
      "code": "GS 112",
      "type": "Easy",
      "credit_hours": "2",
      "created_at": "2021-03-03 09:00:37",
      "updated_at": "2021-03-03 09:00:37",
      "prerequisites": []
    }
  },
  {
    "id": 379,
    "student_id": "51",
    "course_id": "73",
    "course_name": "Technical writing",
    "type": "Previous",
    "created_at": "2021-03-07 14:08:59",
    "updated_at": "2021-03-07 14:08:59",
    "course": {
      "id": 73,
      "name": "Technical writing",
      "code": "ENGL 214",
      "type": "Easy",
      "credit_hours": "3",
      "created_at": "2021-03-03 09:19:22",
      "updated_at": "2021-03-03 09:19:22",
      "prerequisites": [
        {
          "id": 13,
          "course_id": "73",
          "dependent_course_id": "71",
          "created_at": "2021-03-03 19:34:50",
          "updated_at": "2021-03-03 19:34:50"
        }
      ]
    }
  },
  {
    "id": 380,
    "student_id": "51",
    "course_id": "74",
    "course_name": "Natural Science",
    "type": "Previous",
    "created_at": "2021-03-07 14:08:59",
    "updated_at": "2021-03-07 14:08:59",
    "course": {
      "id": 74,
      "name": "Natural Science",
      "code": "SCL 100",
      "type": "Intermediate",
      "credit_hours": "3",
      "created_at": "2021-03-03 09:21:11",
      "updated_at": "2021-03-03 09:21:11",
      "prerequisites": []
    }
  },
  {
    "id": 381,
    "student_id": "51",
    "course_id": "75",
    "course_name": "Organizing and building the computer",
    "type": "Previous",
    "created_at": "2021-03-07 14:08:59",
    "updated_at": "2021-03-07 14:08:59",
    "course": {
      "id": 75,
      "name": "Organizing and building the computer",
      "code": "COE 224",
      "type": "Difficult",
      "credit_hours": "4",
      "created_at": "2021-03-03 09:22:18",
      "updated_at": "2021-03-03 09:22:18",
      "prerequisites": [
        {
          "id": 15,
          "course_id": "75",
          "dependent_course_id": "23",
          "created_at": "2021-03-03 19:43:42",
          "updated_at": "2021-03-03 19:43:42"
        }
      ]
    }
  },
  {
    "id": 382,
    "student_id": "51",
    "course_id": "76",
    "course_name": "Software analysis and modeling",
    "type": "Previous",
    "created_at": "2021-03-07 14:08:59",
    "updated_at": "2021-03-07 14:08:59",
    "course": {
      "id": 76,
      "name": "Software analysis and modeling",
      "code": "CS 284",
      "type": "Difficult",
      "credit_hours": "4",
      "created_at": "2021-03-03 09:23:12",
      "updated_at": "2021-03-03 09:23:12",
      "prerequisites": []
    }
  },
  {
    "id": 383,
    "student_id": "51",
    "course_id": "78",
    "course_name": "Free Elective (2)",
    "type": "Previous",
    "created_at": "2021-03-07 14:08:59",
    "updated_at": "2021-03-07 14:08:59",
    "course": {
      "id": 78,
      "name": "Free Elective (2)",
      "code": "FE-2",
      "type": "Easy",
      "credit_hours": "2",
      "created_at": "2021-03-04 05:55:27",
      "updated_at": "2021-03-04 05:55:27",
      "prerequisites": []
    }
  }
]
